ticker,reason
ENLC,all key fields null
CVMCA,all key fields null
ABR PR D,all key fields null
ABR PR E,all key fields null
TWTR,all key fields null
ABR PR F,all key fields null
SABRP,all key fields null
HEP,all key fields null
ENBL,all key fields null
RE,all key fields null
AQUA,all key fields null
NEP,all key fields null
NSTG,all key fields null
SMAR,all key fields null
NEWR,all key fields null
SILK,all key fields null
SPLK,all key fields null
TUP,all key fields null
XOG,all key fields null
FOLD,all key fields null
EVA,all key fields null
UNVR,all key fields null
VCRA,all key fields null
GES,all key fields null
ALVR,all key fields null
SAVE,all key fields null
TGI,all key fields null
BIGC,all key fields null
ATRI,all key fields null
BLL,all key fields null
BOH PR A,all key fields null
WRB PR F,all key fields null
WRB PR E,all key fields null
WRB PR G,all key fields null
BRK.B,all key fields null
WRB PR H,all key fields null
VGR,all key fields null
ENR PR A,all key fields null
FBRT PR E,all key fields null
CERN,all key fields null
JPM PR C,all key fields null
JPM PR D,all key fields null
JPM PR J,all key fields null
JPM PR L,all key fields null
JPM PR M,all key fields null
JPM PR K,all key fields null
FBC,all key fields null
TAP.A,all key fields null
CNO PR A,all key fields null
DCUE,all key fields null
FMBI,all key fields null
FMBIO,all key fields null
FRT PR C,all key fields null
FMBIP,all key fields null
DICE,all key fields null
STER,all key fields null
NTEDY,all key fields null
GPS,all key fields null
SUMO,all key fields null
QADA,all key fields null
CADE,all key fields null
QADB,all key fields null
IRBT,all key fields null
PXD,all key fields null
TELL,all key fields null
MMC,all key fields null
BCGVY,all key fields null
BTOOY,all key fields null
DCP,all key fields null
SCWX,all key fields null
DCP PR B,all key fields null
DCP PR C,all key fields null
AFGB,all key fields null
AFGC,all key fields null
AFGE,all key fields null
AFGD,all key fields null
ROCC,all key fields null
SJIJ,all key fields null
SJI,all key fields null
SJIV,all key fields null
SHYF,all key fields null
STFC,all key fields null
NLOK,all key fields null
FRC,all key fields null
WRE,all key fields null
SEE,all key fields null
FRC PR H,all key fields null
FRC PR I,all key fields null
FRC PR K,all key fields null
FRC PR L,all key fields null
FRC PR J,all key fields null
FRC PR M,all key fields null
PGTI,all key fields null
EBR,all key fields null
EBR.B,all key fields null
BOMN,all key fields null
ITCB,all key fields null
NEX,all key fields null
CIG.C,all key fields null
IGMS,all key fields null
GTN.A,all key fields null
PBR.A,all key fields null
BLUE,all key fields null
BLUEV,all key fields null
PRFT,all key fields null
SWCH,all key fields null
BPMP,all key fields null
DCPH,all key fields null
GFLU,all key fields null
JAMF,all key fields null
LEV,all key fields null
POLY,all key fields null
NARI,all key fields null
CHX,all key fields null
RLGY,all key fields null
UOLI,all key fields null
ARNA,all key fields null
FFWM,all key fields null
ROIC,all key fields null
USNMY,all key fields null
USDMY,all key fields null
MNSLL,all key fields null
MS PR A,all key fields null
MS PR E,all key fields null
MS PR F,all key fields null
MS PR L,all key fields null
MS PR K,all key fields null
MS PR I,all key fields null
LTHM,all key fields null
CONE,all key fields null
WEBR,all key fields null
XM,all key fields null
SNCY,all key fields null
MAXR,all key fields null
TBK,all key fields null
TBKCP,all key fields null
SCHN,all key fields null
SCPL,all key fields null
SWTX,all key fields null
KDMN,all key fields null
HXOH,all key fields null
PETRY,all key fields null
SDC,all key fields null
PING,all key fields null
ICVX,all key fields null
RCA,all key fields null
RCB,all key fields null
RCC,all key fields null
RC PR C,all key fields null
RC PR E,all key fields null
ML,all key fields null
JBT,all key fields null
PSTH,all key fields null
FFIE,all key fields null
WE,all key fields null
CYXT,all key fields null
HYZN,all key fields null
MCFE,all key fields null
AMK,all key fields null
MTTR,all key fields null
OCDX,all key fields null
AAC,all key fields null
SEMR,all key fields null
BIGZ,all key fields null
JWSM,all key fields null
AAC.U,all key fields null
JWSM.U,all key fields null
NAPA,all key fields null
MCG,all key fields null
INST,all key fields null
FYBR,all key fields null
ME,all key fields null
VLTA,all key fields null
VLD,all key fields null
MANT,all key fields null
GPFOY,all key fields null
FCAA,all key fields null
JPS,all key fields null
DCOMP,all key fields null
ZIONL,all key fields null
ZIONO,all key fields null
FORG,all key fields null
DVAX,all key fields null
NULL,all key fields null
ISBC,all key fields null
SBNYP,all key fields null
SGBG,all key fields null
CTLT,all key fields null
VRTV,all key fields null
SHO PR I,all key fields null
SHO PR H,all key fields null
GMS,all key fields null
APO PR B,all key fields null
APO PR A,all key fields null
SYF PR A,all key fields null
AXNX,all key fields null
PFC,all key fields null
LORL,all key fields null
CDK,all key fields null
SQSP,all key fields null
CSGS,all key fields null
CMTRY,all key fields null
CMTSY,all key fields null
MPW,all key fields null
HTLF,all key fields null
VOYA PR B,all key fields null
HTLFP,all key fields null
LHCG,all key fields null
BXS,all key fields null
BXS PR A,all key fields null
KRA,all key fields null
DRH PR A,all key fields null
HTA,all key fields null
RPT PR D,all key fields null
ALAXL,all key fields null
F PR C,all key fields null
F PR B,all key fields null
OCFCP,all key fields null
OAS,all key fields null
AMEH,all key fields null
CSWI,all key fields null
SQ,all key fields null
PGRE,all key fields null
PFH,all key fields null
PRS,all key fields null
FLRAP,all key fields null
FL,all key fields null
AESC,all key fields null
PACW,all key fields null
STAR,all key fields null
STAR PR D,all key fields null
STAR PR I,all key fields null
STAR PR G,all key fields null
ASB PR E,all key fields null
ASB PR F,all key fields null
NULL,all key fields null
BK,all key fields null
PRTC,all key fields null
CPE,all key fields null
STZ.B,all key fields null
UMPQ,all key fields null
CFR PR B,all key fields null
DHR PR A,all key fields null
DHR PR B,all key fields null
ATGE,all key fields null
PKI,all key fields null
SIX,all key fields null
AGM PR E,all key fields null
AGM PR D,all key fields null
AGM PR F,all key fields null
AGM PR C,all key fields null
AGM PR G,all key fields null
AGM.A,all key fields null
FBPRM,all key fields null
FBPRN,all key fields null
FBPRL,all key fields null
FBPRP,all key fields null
FBPRO,all key fields null
TWNK,all key fields null
TGNA,all key fields null
HRC,all key fields null
KSU,all key fields null
KSU PR,all key fields null
ELC,all key fields null
K,all key fields null
AUBAP,all key fields null
PCGU,all key fields null
OMI,all key fields null
NULL,all key fields null
ONEM,all key fields null
RAVN,all key fields null
TMX,all key fields null
PNM,all key fields null
CDEV,all key fields null
SRC,all key fields null
SRC PR A,all key fields null
SIVB,all key fields null
SIVBP,all key fields null
TFC PR R,all key fields null
TFC PR I,all key fields null
TFC PR O,all key fields null
TBC,all key fields null
AQNB,all key fields null
AQNA,all key fields null
AQNU,all key fields null
T PR A,all key fields null
T PR C,all key fields null
PSA PR F,all key fields null
PSA PR E,all key fields null
PSA PR J,all key fields null
PSA PR I,all key fields null
PSA PR H,all key fields null
PSA PR G,all key fields null
PSA PR L,all key fields null
PSA PR O,all key fields null
PSA PR K,all key fields null
PSA PR N,all key fields null
PSA PR P,all key fields null
PSA PR M,all key fields null
PSA PR Q,all key fields null
SNV PR D,all key fields null
SNV,all key fields null
SNV PR E,all key fields null
TDS PR V,all key fields null
TDS PR U,all key fields null
BHG,all key fields null
IIVI,all key fields null
IIVIP,all key fields null
JW.B,all key fields null
QRTEA,all key fields null
QRTEB,all key fields null
QRTEP,all key fields null
EXPI,all key fields null
YMAB,all key fields null
TRTX PR C,all key fields null
IAC,all key fields null
SREA,all key fields null
BHFAL,all key fields null
RLJ PR A,all key fields null
VER,all key fields null
IIPR PR A,all key fields null
VBTX,all key fields null
FNB PR E,all key fields null
APSG,all key fields null
SGH,all key fields null
APSG.U,all key fields null
BRMSY,all key fields null
STL,all key fields null
WOW,all key fields null
STL PR A,all key fields null
BCEI,all key fields null
CIT,all key fields null
LRENY,all key fields null
CIT PR B,all key fields null
SWI,all key fields null
JNPR,all key fields null
CEIX,all key fields null
CTPTY,all key fields null
CTPZY,all key fields null
ALEX,all key fields null
MBINO,all key fields null
MBINP,all key fields null
LPI,all key fields null
UFS,all key fields null
KAR,all key fields null
WWE,all key fields null
PRO,all key fields null
BGCP,all key fields null
DRNA,all key fields null
KRTX,all key fields null
STOR,all key fields null
CCMP,all key fields null
BRFS,all key fields null
BEP PR A,all key fields null
VVNT,all key fields null
GSKY,all key fields null
EVOP,all key fields null
WIRE,all key fields null
GNL PR A,all key fields null
GNL PR B,all key fields null
NVEE,all key fields null
ASGN,all key fields null
FOCS,all key fields null
IAA,all key fields null
HLTH,all key fields null
FSR,all key fields null
MNTV,all key fields null
ALL PR I,all key fields null
NULL,all key fields null
ALL PR G,all key fields null
ALL PR H,all key fields null
MORF,all key fields null
TGH,all key fields null
TGH PR B,all key fields null
TGH PR A,all key fields null
RFP,all key fields null
MPLXP,all key fields null
NYCB,all key fields null
TPTX,all key fields null
MNRL,all key fields null
NYCB PR A,all key fields null
MMP,all key fields null
EXAS,all key fields null
NRZ,all key fields null
NRZ PR A,all key fields null
NRZ PR C,all key fields null
NRZ PR B,all key fields null
NRZ PR D,all key fields null
DOOR,all key fields null
HCIIP,all key fields null
PRPB,all key fields null
SMFR,all key fields null
PRPB.U,all key fields null
AFINO,all key fields null
AFIN,all key fields null
AFINP,all key fields null
CEQP,all key fields null
CEQP PR,all key fields null
TWKS,all key fields null
CCV,all key fields null
BODY,all key fields null
CERE,all key fields null
AAN,all key fields null
CCV.U,all key fields null
CVII,all key fields null
SGFY,all key fields null
CVII.U,all key fields null
GGPI,all key fields null
DEN,all key fields null
GGPIU,all key fields null
RONI.U,all key fields null
RONI,all key fields null
LICY,all key fields null
ESMT,all key fields null
AZPN,all key fields null
CCCS,all key fields null
COF PR G,all key fields null
COF PR H,all key fields null
COF PR I,all key fields null
COF PR K,all key fields null
COF PR J,all key fields null
COF PR N,all key fields null
COF PR L,all key fields null
BRKS,all key fields null
NATI,all key fields null
TPX,all key fields null
AIZN,all key fields null
MMTLP,all key fields null
MMAT,all key fields null
GMRE,all key fields null
GMRE PR A,all key fields null
NUVA,all key fields null
BECN,all key fields null
NYMTL,all key fields null
NYMT,all key fields null
OPINL,all key fields null
NYMTP,all key fields null
NYMTM,all key fields null
NYMTN,all key fields null
RILYK,all key fields null
RILYM,all key fields null
RILYN,all key fields null
EBSB,all key fields null
RILYT,all key fields null
CBD,all key fields null
RILYO,all key fields null
RILYZ,all key fields null
SWM,all key fields null
DLR PR K,all key fields null
DLR PR L,all key fields null
DLR PR J,all key fields null
CTXS,all key fields null
CPFEY,all key fields null
SHLX,all key fields null
RCM,all key fields null
EVBG,all key fields null
COUP,all key fields null
NVRO,all key fields null
FMHG,all key fields null
PORSY,all key fields null
NGM,all key fields null
RDFN,all key fields null
WBA,all key fields null
AGTI,all key fields null
BSIG,all key fields null
BSA,all key fields null
MODN,all key fields null
ANSS,all key fields null
CDAY,all key fields null
DFS,all key fields null
NRGIY,all key fields null
IBM WI,all key fields null
MRO,all key fields null
Y,all key fields null
ABC,all key fields null
HES,all key fields null
AEPPZ,all key fields null
AEPPL,all key fields null
ENV,all key fields null
RUBY,all key fields null
BIO.B,all key fields null
BF.A,all key fields null
CTRA,all key fields null
APLS,all key fields null
CVA,all key fields null
WAL PR A,all key fields null
AL,all key fields null
AMRS,all key fields null
DUKB,all key fields null
AL PR A,all key fields null
DRE,all key fields null
DUK PR A,all key fields null
RF PR C,all key fields null
RF PR B,all key fields null
RF PR E,all key fields null
CDLDY,all key fields null
GAB PR H,all key fields null
GAB PR G,all key fields null
GAB PR K,all key fields null
TPH,all key fields null
GAB PR J,all key fields null
MOVYY,all key fields null
HWCPZ,all key fields null
HOLX,all key fields null
IPG,all key fields null
KAMN,all key fields null
INN PR E,all key fields null
INN PR F,all key fields null
SLG PR I,all key fields null
SRCU,all key fields null
SR PR A,all key fields null
ALE,all key fields null
ET PR C,all key fields null
ET PR D,all key fields null
ET PR E,all key fields null
NCR,all key fields null
MOG.B,all key fields null
NIMC,all key fields null
NI PR B,all key fields null
HTZZ,all key fields null
TRTN,all key fields null
TRTN PR A,all key fields null
TRTN PR B,all key fields null
TRTN PR C,all key fields null
TRTN PR D,all key fields null
TRTN PR E,all key fields null
JWN,all key fields null
PBCT,all key fields null
PBCTP,all key fields null
PBI PR B,all key fields null
MGRB,all key fields null
MGRD,all key fields null
MGR,all key fields null
LGF.A,all key fields null
LGF.B,all key fields null
BASE,all key fields null
ELP,all key fields null
TY PR,all key fields null
X,all key fields null
UHID,all key fields null
VRAY,all key fields null
BIF,all key fields null
XLNX,all key fields null
WBS PR F,all key fields null
DBRG PR H,all key fields null
DBRG PR I,all key fields null
DBRG PR J,all key fields null
AVTR PR A,all key fields null
ATUS,all key fields null
AIMC,all key fields null
GTAT,all key fields null
OMP,all key fields null
AXL,all key fields null
BKI,all key fields null
RXDX,all key fields null
RZZRY,all key fields null
GBIO,all key fields null
KIM PR M,all key fields null
KIM PR L,all key fields null
AVGOP,all key fields null
NEE PR O,all key fields null
NEE PR P,all key fields null
NEE PR Q,all key fields null
OFC,all key fields null
ERJ,all key fields null
WRK,all key fields null
BSX PR A,all key fields null
CUBB,all key fields null
CUBI PR E,all key fields null
CUBI PR F,all key fields null
CMPBY,all key fields null
AVYA,all key fields null
REGI,all key fields null
SITC PR A,all key fields null
PLAN,all key fields null
SSPCF,all key fields null
SPNT PR B,all key fields null
HA,all key fields null
AVID,all key fields null
BIP PR A,all key fields null
BIP PR B,all key fields null
TTCF,all key fields null
SAVA,all key fields null
PNFPP,all key fields null
WISH,all key fields null
NS,all key fields null
ENIA,all key fields null
NS PR A,all key fields null
NS PR B,all key fields null
NS PR C,all key fields null
GBT,all key fields null
GOEV,all key fields null
ATH,all key fields null
FTHCY,all key fields null
ATH PR B,all key fields null
ATH PR A,all key fields null
ATH PR D,all key fields null
ATH PR C,all key fields null
MDLA,all key fields null
GNOG,all key fields null
AMOV,all key fields null
ECOL,all key fields null
PPD,all key fields null
ARNC,all key fields null
RNR PR F,all key fields null
RNR PR G,all key fields null
ALLK,all key fields null
AMH PR H,all key fields null
AMH PR G,all key fields null
AMH PR F,all key fields null
FXLV,all key fields null
HPKER,all key fields null
GRAH,all key fields null
MPLN,all key fields null
ELMS,all key fields null
EQH PR A,all key fields null
EQH PR C,all key fields null
ITCI,all key fields null
AHH,all key fields null
ADS,all key fields null
VERV,all key fields null
ADS WI,all key fields null
AHH PR A,all key fields null
ADGI,all key fields null
PAYA,all key fields null
PTVE,all key fields null
BGEPF,all key fields null
CWEN.A,all key fields null
RDUS,all key fields null
SNCE,all key fields null
BGRY,all key fields null
APR,all key fields null
VMEO,all key fields null
CPUH,all key fields null
CPUH.U,all key fields null
RTPYU,all key fields null
RTPY,all key fields null
VZIO,all key fields null
DAWN,all key fields null
DSEY,all key fields null
TSP,all key fields null
NULL,all key fields null
PWSC,all key fields null
PYCR,all key fields null
DWAC,all key fields null
DWACU,all key fields null
MKFG,all key fields null
AVDX,all key fields null
BANC PR E,all key fields null
RCII,all key fields null
ATSG,all key fields null
AEL,all key fields null
AEL PR A,all key fields null
AEL PR B,all key fields null
LSI,all key fields null
RY PR T,all key fields null
STFR,all key fields null
SYNH,all key fields null
BLI,all key fields null
EVRI,all key fields null
SCS,all key fields null
CIAHY,all key fields null
ACC,all key fields null
IRBBY,all key fields null
RETA,all key fields null
XLRN,all key fields null
MNDT,all key fields null
ZUO,all key fields null
OLO,all key fields null
TPIC,all key fields null
GWB,all key fields null
ACCD,all key fields null
PEB PR F,all key fields null
PEB PR E,all key fields null
PEB PR H,all key fields null
PEB PR G,all key fields null
OBNK,all key fields null
FGEN,all key fields null
EB,all key fields null
SUM,all key fields null
SRCL,all key fields null
HHC,all key fields null
LTCO,all key fields null
PHEC,all key fields null
KREF PR A,all key fields null
ABMD,all key fields null
NLSN,all key fields null
NSA PR A,all key fields null
TGP,all key fields null
AIG PR A,all key fields null
ASAI,all key fields null
TGP PR B,all key fields null
TGP PR A,all key fields null
AMWD,all key fields null
ARCH,all key fields null
BC PR A,all key fields null
BC PR B,all key fields null
CMSC,all key fields null
BC PR C,all key fields null
CMSD,all key fields null
CMS PR C,all key fields null
ROLLP,all key fields null
ROLL,all key fields null
ZY,all key fields null
THS,all key fields null
CMA,all key fields null
DISCB,all key fields null
DISCK,all key fields null
DISCA,all key fields null
FHN PR B,all key fields null
FHN PR C,all key fields null
FHN PR E,all key fields null
FHN PR D,all key fields null
FHN PR F,all key fields null
GAM PR B,all key fields null
HSKA,all key fields null
GEF.B,all key fields null
PEAK,all key fields null
EQC,all key fields null
HEI.A,all key fields null
EQC PR D,all key fields null
HFC,all key fields null
IMGN,all key fields null
INT,all key fields null
ORCC,all key fields null
LANC,all key fields null
IBA,all key fields null
MKC.V,all key fields null
ATVI,all key fields null
MDP,all key fields null
MDPEB,all key fields null
MLHR,all key fields null
AGR,all key fields null
MNR PR C,all key fields null
CSR PR C,all key fields null
MLNK,all key fields null
WTRU,all key fields null
PCH,all key fields null
C PR J,all key fields null
C PR K,all key fields null
KNBE,all key fields null
SAFM,all key fields null
KEY PR K,all key fields null
KEY PR I,all key fields null
KEY PR J,all key fields null
MGP,all key fields null
SOJD,all key fields null
SOJE,all key fields null
SOLN,all key fields null
SWN,all key fields null
SF PR B,all key fields null
SFB,all key fields null
SF PR C,all key fields null
SF PR D,all key fields null
CDMO,all key fields null
BSMX,all key fields null
UMH PR C,all key fields null
UMH PR D,all key fields null
JBSAY,all key fields null
AFFT,all key fields null
AFFS,all key fields null
WSBCP,all key fields null
WSO.B,all key fields null
COWNL,all key fields null
CSII,all key fields null
COWN,all key fields null
CWGRP,all key fields null
CODI PR B,all key fields null
CODI PR A,all key fields null
CODI PR C,all key fields null
MRRTY,all key fields null
CCYC,all key fields null
HBI,all key fields null
SJW,all key fields null
GDEN,all key fields null
AYX,all key fields null
TSE,all key fields null
FRG,all key fields null
FRGAP,all key fields null
MSP,all key fields null
ALTR,all key fields null
ELY,all key fields null
GS Pr C,all key fields null
GS PR A,all key fields null
GS PR D,all key fields null
GS PR J,all key fields null
BERY,all key fields null
YDUQY,all key fields null
GBXPY,all key fields null
GS PR K,all key fields null
SAGE,all key fields null
PDCO,all key fields null
EFC PR A,all key fields null
CXP,all key fields null
KNTE,all key fields null
AVLR,all key fields null
BHLB,all key fields null
CIM PR B,all key fields null
CIM PR A,all key fields null
CIM PR D,all key fields null
CIM PR C,all key fields null
PX,all key fields null
EQTNP,all key fields null
ETRN,all key fields null
NULL,all key fields null
VLDR,all key fields null
ARCE,all key fields null
TSC,all key fields null
TSCAP,all key fields null
TSCBP,all key fields null
ELAT,all key fields null
CVET,all key fields null
DM,all key fields null
RVNC,all key fields null
NTCO,all key fields null
BTRS,all key fields null
EDR,all key fields null
NOVA,all key fields null
LSXMK,all key fields null
LSXMB,all key fields null
LSXMA,all key fields null
SPG PR J,all key fields null
BRMK,all key fields null
SGEN,all key fields null
HMHC,all key fields null
MAA PR I,all key fields null
OMGA,all key fields null
SNPO,all key fields null
ANAT,all key fields null
AZEK,all key fields null
AIRC,all key fields null
HI,all key fields null
PSXP,all key fields null
ASTR,all key fields null
CRHC,all key fields null
CRHC.U,all key fields null
SHCR,all key fields null
SWAV,all key fields null
MRTX,all key fields null
SEAH,all key fields null
SEAH.U,all key fields null
IPOF,all key fields null
IPOF.U,all key fields null
REXR PR C,all key fields null
REXR PR B,all key fields null
ADC PR A,all key fields null
SC,all key fields null
LFG,all key fields null
ROVR,all key fields null
RADI,all key fields null
SLGC,all key fields null
HERA,all key fields null
HERAU,all key fields null
VEI,all key fields null
PTRA,all key fields null
SOVO,all key fields null
VIAC,all key fields null
VIACA,all key fields null
VIACP,all key fields null
HEES,all key fields null
NULL,all key fields null
OSTBP,all key fields null
OSTKO,all key fields null
OSTK,all key fields null
HIG PR G,all key fields null
CIMXP,all key fields null
MODV,all key fields null
AAWW,all key fields null
DISH,all key fields null
PMT PR B,all key fields null
PMT PR A,all key fields null
PMT PR C,all key fields null
SASR,all key fields null
AJRD,all key fields null
TWO PR A,all key fields null
TWO PR C,all key fields null
TWO PR B,all key fields null
NUAN,all key fields null
PBC,all key fields null
PSEC PR A,all key fields null
MEG,all key fields null
CRTX,all key fields null
ZNGA,all key fields null
DTB,all key fields null
DTP,all key fields null
ISEE,all key fields null
BXMX,all key fields null
VSTO,all key fields null
NAEX,all key fields null
GCHOY,all key fields null
TXSP,all key fields null
CFX,all key fields null
INFN,all key fields null
CFXA,all key fields null
WTFCP,all key fields null
WTFCM,all key fields null
CFG PR E,all key fields null
CFG PR D,all key fields null
FLT,all key fields null
HIBB,all key fields null
VMW,all key fields null
ESGR,all key fields null
ESGRO,all key fields null
ESGRP,all key fields null
FBHS,all key fields null
BNCOY,all key fields null
CIOXY,all key fields null
TVTY,all key fields null
GOGL,all key fields null
BDXB,all key fields null
FTAI PR A,all key fields null
FTAI PR C,all key fields null
COOP,all key fields null
FTAI PR B,all key fields null
BMYMP,all key fields null
CELG RT,all key fields null
MET PR A,all key fields null
MET PR E,all key fields null
MET PR F,all key fields null
MGLN,all key fields null
PDCE,all key fields null
CBCB,all key fields null
BIG,all key fields null
GCP,all key fields null
FOE,all key fields null
PPBI,all key fields null
WBT,all key fields null
HSC,all key fields null
HL PR B,all key fields null
GPOVY,all key fields null
GPOOY,all key fields null
LEN.B,all key fields null
MTOR,all key fields null
MDC,all key fields null
FARO,all key fields null
BAC PR B,all key fields null
BAC PR E,all key fields null
BAC PR K,all key fields null
BAC PR M,all key fields null
BAC PR L,all key fields null
BAC PR N,all key fields null
BAC PR P,all key fields null
BAC PR O,all key fields null
BML PR H,all key fields null
BML PR G,all key fields null
BML PR J,all key fields null
BML PR L,all key fields null
BOAPL,all key fields null
MER PR K,all key fields null
WFC PR C,all key fields null
WFC PR A,all key fields null
WFC PR D,all key fields null
WFC PR Q,all key fields null
WFC PR L,all key fields null
WFC PR Y,all key fields null
WFC PR Z,all key fields null
WFC PR R,all key fields null
NLY PR I,all key fields null
NLY PR G,all key fields null
NLY PR F,all key fields null
PNCFO,all key fields null
PNC PR P,all key fields null
EPR PR C,all key fields null
PSB,all key fields null
PSB PR W,all key fields null
EPR PR G,all key fields null
EPR PR E,all key fields null
PSB PR X,all key fields null
PSB PR Z,all key fields null
PSB PR Y,all key fields null
ZEN,all key fields null
TWOU,all key fields null
SCHW PR D,all key fields null
SCHW PR J,all key fields null
SBDKP,all key fields null
SWT,all key fields null
USB PR A,all key fields null
USB PR H,all key fields null
USB PR M,all key fields null
USB PR P,all key fields null
USB PR R,all key fields null
USB PR Q,all key fields null
CFLT,all key fields null
STT PR D,all key fields null
STT PR G,all key fields null
GL PR D,all key fields null
UGIC,all key fields null
USM,all key fields null
UZF,all key fields null
UZD,all key fields null
UZE,all key fields null
VNO PR M,all key fields null
VNO PR L,all key fields null
VNO PR O,all key fields null
VNO PR N,all key fields null
IBTX,all key fields null
WLL,all key fields null
MFA PR C,all key fields null
FRTA,all key fields null
MFA PR B,all key fields null
DTEXY,all key fields null
PSTG,all key fields null
WCC PR A,all key fields null
CLR,all key fields null
MCW,all key fields null
SPR,all key fields null
COMM,all key fields null
NVTA,all key fields null
BPMC,all key fields null
ALTM,all key fields null
BNCPY,all key fields null
SCU,all key fields null
EPAY,all key fields null
APGT,all key fields null
SKX,all key fields null
OBMP,all key fields null
SGMS,all key fields null
HWM PR,all key fields null
CHNGU,all key fields null
CHNG,all key fields null
KKR PR C,all key fields null
FNA,all key fields null
NKLA,all key fields null
POSH,all key fields null
OIBR.C,all key fields null
SI PR A,all key fields null
CHK,all key fields null
EWCZ,all key fields null
DFHL,all key fields null
ARGO,all key fields null
ARGO PR A,all key fields null
BFS PR E,all key fields null
BFS PR D,all key fields null
LXP PR C,all key fields null
FLRYY,all key fields null
LWSIY,all key fields null
CSVI,all key fields null
BRP,all key fields null
AKO.B,all key fields null
SEAS,all key fields null
AKO.A,all key fields null
ZI,all key fields null
UCBIO,all key fields null
UCBI,all key fields null
OSH,all key fields null
DNMR,all key fields null
DNB,all key fields null
DOMA,all key fields null
ODP,all key fields null
DCT,all key fields null
VIEW,all key fields null
BHIL,all key fields null
KAHC,all key fields null
ASZ,all key fields null
KAHC.U,all key fields null
ETWO,all key fields null
ASZ.U,all key fields null
ENFN,all key fields null
ANTM,all key fields null
CANO,all key fields null
VSCO,all key fields null
BRDG,all key fields null
AMED,all key fields null
CLI,all key fields null
AXS PR E,all key fields null
GDV PR G,all key fields null
GDV PR H,all key fields null
GDV PR K,all key fields null
